spam,Autenticaci√≥n de Skype: tu c√≥digo es 874650. S√≥lo √∫til por 5 min.
scam,"[Banorte]: 55,250 puntos vencen ma}ana. Canjealos aqui: https://bxesrnt.bza-krsa.xyz/VIP"
scam,Bitfinex: Gana 20% diario con nuestro nuevo plan  https://bitfinex-crypto.io
spam,Office Depot: compra tu laptop a MSI y recibe mochila gratis.
scam,Banorte: Tiene puntos pr√≥ximos a expirar banorte-premios.org
scam,Hemos congelado tu tarjeta Banamex por actividad sospechosa. Act√≠vala en https://banamex-cuenta.mx/secure
scam,Apple: Tu ID fue bloqueado por seguridad. Restaura aqu√≠ https://appleid-restore.mx/account
scam,"Banorte: Reclame su saldo de $2,300 disponible  https://bnorte-bonus.claims.co"
scam,Walmart: Tu orden no pudo procesarse. Completa aqu√≠ https://walmart-check.mx/order
scam,"Ultimo recordatorio NORTE:
Tus (11666) ptos caducaran pronto. Puedes canjearlos por regalos.
Detalles: https://bit.ly/4prMhCc"
spam,PRESIDENTE ANUNCIA NUEVO PLAN SOCIAL/ARTISTA MEXICANO HOSPITALIZADO/CAOS VIAL EN SANTA FE
scam,BanCoppel: Usted tiene un reembolso pendiente  https://coppel-premio-urgente.mx
scam,DHL: Tu paquete est√° retenido por falta de pago de aduana. Regulariza en https://dhl-entregas.mx/id8372
scam,Amazon: detectamos devoluci√≥n sospechosa en tu cuenta https://amazon-check.mx/refund
scam,HSBC: Tu banca m√≥vil ser√° bloqueada. Valida datos https://hsbc-validacion.mx/login
scam,"BanomMex te informa: Tus punos estan por vencer el 25 de julio. Canjealos aqui!

Enlace: https://shorten.tv/Fj9nc"
scam,Binance: Inicie sesi√≥n hoy y reciba $100 gratis en BTC  https://bnz-tradeairdrop.com
spam,Spotify Premium: 3 meses gratis si te suscribes antes del 30sep25.
spam,NUEVO IMPUESTO A IMPORTACIONES/PROTESTAS EN REFORMA/FIGURA DEL ESPECT√ÅCULO ES DETENIDA
scam,Hemos suspendido tu acceso a Facebook por violar normas. Recl√°malo https://facebook-verify.mx/login
spam,¬°En Coppel la fiesta es contigo! 20% de descuento en l√≠nea blanca solo este s√°bado y domingo.
spam,SHEINBAUM HABLA SOBRE SOBERAN√çA/CR√çTICAS A NUEVO AEROPUERTO/ESC√ÅNDALO EN TV NACIONAL
scam,Estimado usuario: Su cuenta tiene saldo de recompensa $950. Ret√≠relo  https://premio-validar.com.mx
scam,Spotify: Error en tu m√©todo de pago. Actualiza tus datos en sp0tify-check.co
scam,"[Scotiabank]: 5,200 puntos est√°n a punto de caducar. Ingrese aqu√≠  https://sco-mx.banca-verif.site"
scam,"Hola, soy Gabriela de Recursos Humanos. Trabajo remoto, medio tiempo. ¬øTe interesa?"
scam,"Quieres Internet Ilimitado? Con Paquetes Internet por Tiempo navega 2 horas ilimitadas por solo $15, compralo aqui: padnet.telcel.com/cc/2hrsy"
spam,Bienvenido a Santander Plus. Activa hoy tu tarjeta y recibe $200 de bonificaci√≥n en tu primera compra.
spam,SHEINBAUM DEFIENDE SOBERANIA Y LANZA ADVERTENCIA EN DESFILE/VIVA JOSEFA ORTIZ DE PINEDO: SE EQUIVOCAN EN GRITO/MUERE ROBERT REDFORD: ESTO SE SABE
spam,¬°Entra a Despegar.com y consigue tu viaje todo incluido a Huatulco!
spam,Tu c√≥digo de verificaci√≥n de MercadoLibre es 739402
spam,"Protege a tu familia con MetLife M√©xico, planes accesibles para todos."
spam,G-928475: c√≥digo de seguridad de Gmail. Verifica ahora.
spam,UVM: estudia tu maestr√≠a en l√≠nea con beca del 30%.
spam,Gold‚Äôs Gym: descuento del 30% en mensualidades hasta fin de mes.
spam,NUEVA PROTESTA EN EL Z√ìCALO/CHOQUE DE TRENES EN HIDALGO/EMPRESA DE MODA EN LA MIRA POR FRAUDE
scam,Tu cuenta de Amazon Prime ser√° cancelada ma√±ana. Confirma aqu√≠ https://amazon-renovacion-prime.xyz/mx
scam,Estimado cliente Telcel: recibiste un bono por $500. Recl√°malo ya en https://bono-telcel.mx/reward
spam,"*Hola,  :* 

Prep√°rate para tu vuelo VB1392 ‚úàÔ∏è desde la Ciudad de M√©xico (AICM) a Guadalajara.

Si necesitas documentar equipaje, dir√≠gete a:

*üü¢ Puerta 5* para ahorrar tiempo usando los quioscos de autodocumentaci√≥n.
*üü¢ Puerta 6* si prefieres asistencia en mostradores tradicionales.

Si no necesitas documentar equipaje, ve directo al filtro de seguridad.

¬°Nos vemos a bordo!"
spam,¬°Tu oportunidad est√° aqu√≠! Planet Fitness te da $0 en inscripci√≥n solo hoy.
spam,Af√≠liate a Club Vips y disfruta un caf√© gratis en tu pr√≥xima visita. Texto STOP para cancelar.
spam,¬°Ven a Anytime Fitness! Acceso las 24 horas y promo especial de $399 al mes.
spam,Gracias por registrarte en Cinemex Fan. Recibe palomitas gratis con tu primera compra en app.
spam,Introduce el c√≥digo 657319 en el sitio de Apple para validar tu cuenta.
spam,Interjet: vuelos redondos con hasta 12 MSI en septiembre.
spam,"*¬°Las palomitas se est√°n enfriando sin ti!* üçø

Prime Video te extra√±a, pero aqu√≠ seguimos con mucho contenido nuevo esper√°ndote.

Con tu suscripci√≥n, disfruta de:

- Nuevas temporadas de tus series favoritas üì∫
- Pel√≠culas para todos los gustos üé¨
- Deportes en vivo con toda la emoci√≥n del momento ‚öΩ üèÄ

Vuelve al drama, la comedia, el suspenso y la emoci√≥n del deporte en vivo üíô

Si ya no deseas recibir mensajes, responde con la palabra ALTO."
spam,Tu codigo de verificacion de LinkedIn es 285160.
scam,Recibiste una multa de tr√°nsito pendiente. Desc√°rgala aqu√≠ https://multas-gobmx.org/check
scam,"Banamex: Tus (11,200) puntos caducan ma√±ana. Recl√°malos ya."
spam,"¬°Hola, ! üß°

Sabemos que sigues descubriendo Rappi, por eso preparamos unos tips üòé que te ayudar√°n a ahorrar y tener una gran experiencia en nuestra app.

Aprende m√°s de Rappi y recibe una recompensa al final ü§ë  
¬øQuieres saber de qu√© se trataüéÅ?"
spam,NUEVA MARCHA EN DEFENSA DEL AGUA/INCREMENTAN PRECIOS DE PASAJES/CR√çTICAS A NUEVO FILME DE NETFLIX
scam,"[Citibanamex]: Tus 9,110 puntos caducan esta noche. Reclama tu premio  https://citibanamex-vip.co/mx"
scam,"¬°Hola ! Te escribimos de Rappi üß° Para que conozcas todo lo nuevo en la app y disfrutes de este mes sin pagar de m√°s, queremos darte una sorpresa ü§ë ¬øQuieres saber de qu√© se trataüéÅ?"
spam,137347-C√≥digo de verificaci√≥n de Huawei.
scam,Rappi: 50% en tus favoritos de Potzollcalli Santa Fe. ¬øA poco vas a dejar pasar esta promo? Aplican T&C https://rappi.app.link/pozole
spam,Usted tiene: 1 llamada perdida del numero 5524879201. el dia 2025.07.07 a las 12:50
scam,√öltimo aviso: tu tarjeta American Express ser√° cancelada. Confirma https://amex-seguro.mx/restore
scam,Seguridad Banamex: Tu tarjeta digital fue usada en Uber. Cancela https://banamex-alerta.mx/id
spam,Usted tiene: 1 llamada perdida del n√∫mero 5547291830. El d√≠a 2025.07.10 a las 18:42
scam,Microsoft: Su suscripci√≥n Office 365 no se pudo renovar.
scam,"NetfIix: iTu suscripcion esta suspendida por un error de pago!
Actualiza tu metodo de pago antes del 25/07 aqui: mynfiix-resub.com"
spam,EMPRESA ANUNCIA CIERRE DE PLANTA/ALUMNOS PROTESTAN POR FALTA DE APOYO/FIGURA POL√çTICA GENERA POL√âMICA
spam,Usted tiene: 5 llamadas perdidas del n√∫mero 5529103746. El d√≠a 2025.07.14 a las 11:09
scam,"Hola, empresa internacional busca personal remoto. Pago diario $1000."
spam,¬øQuieres ganar boletos para apoyar a Checo?
scam,"Rappi: Todo lo que se te antoje, Pide con tus $160.0 de regalo para compartir estas fechas. Corre que se acaban. Aplican T&C https://rappi.app.link/rcsmx"
scam,Banorte: Recibiste un reembolso por error. Recl√°malo ya en https://banorte-bono.mx/reclamo
spam,Rappi: recibe $150 de regalo en tu primera orden con c√≥digo NUEVO25.
scam,Correos: Tu env√≠o internacional tiene aduana pendiente. Paga https://correo-pago.mx/envio
spam,Farmacias del Ahorro: 15% de descuento en tu primera compra en l√≠nea.
spam,REFORMA FISCAL ENTRA EN DEBATE/ACTOR HOLLYWOODENSE SUFRE ACCIDENTE/ALERTA DE ROBO DE IDENTIDAD
scam,CryptoLatam: Preventa exclusiva de tokens con 300% ROI  https://cryptolatam.io/deal
scam,Estimado usuario: alguien intent√≥ entrar a tu WhatsApp. Prot√©gete https://whatsapp-verify-id.mx/auth
spam,ALERTA DE LLUVIAS FUERTES EN VERACRUZ/SUBEN PRECIOS DE PRODUCTOS B√ÅSICOS/MUERE ACTOR RECONOCIDO A LOS 45
spam,¬øTe puedo llamar despu√©s?
spam,Contrata tu seguro de vida GNP y recibe 10% en tu primera anualidad.
scam,"[HSBC]: √öltimo aviso, 4,700 puntos expiran hoy  https://hsbc-benefits.mx/vip"
spam,ANUNCIAN AUMENTO DE LUZ EN SEPTIEMBRE/POL√çTICO RECHAZA ACUSACIONES/MANIFESTACI√ìN MASIVA EN MONTERREY
spam,HURAC√ÅN SE ACERCA A YUCAT√ÅN/DA√ëOS EN VARIOS MUNICIPIOS/CORRUPCI√ìN EN GOBIERNO LOCAL SE√ëALADA
spam,Tecnol√≥gico de Monterrey: diplomados online con precios preferenciales.
spam,¬°En Mixup disfruta 20% off en todos los vinilos este fin de semana!
scam,"[DiDi Prestamos]DiDi Prestamos te da hasta $46,800 m.n. de credito para salir del apuro en minutos: https://oia.didiglobal.com/g/D7PBAeP"
scam,"Hola, revisamos tu CV. Vacante en l√≠nea disponible, paga $900 diarios."
spam,Usted tiene: 2 llamadas perdidas del n√∫mero 5592037481. El d√≠a 2025.07.15 a las 20:56
scam,"*Tienes 99% APROBADO un cr√©dito de hasta $26,800 m.n.*
¬°Hola! Tienes disponible un cr√©dito de hasta $26,800 m.n, una vez aprobado, podr√°s disponer de √©l al instanteü§ë. 

üéÅ Adem√°s, te ofrecemos un cup√≥n de $150 m.n. para pagar intereses. ¬øQu√© tal? üíµ

F√°cil, r√°pido y 100% l√≠nea, sin filas ni complicaciones: https://oia.didiglobal.com/g/aKifM6r

Consulta T√©rminos y Condiciones: https://d.didiglobal.com/PMn1JH3"
spam,Promoci√≥n de VivaAerobus: boletos a Monterrey desde $299.
spam,Telcel: recarga $100 y recibe 1GB adicional gratis. Vig. hasta 18sep25.
spam,BLOQUEOS EN OAXACA POR MAESTROS/DEVALUACI√ìN DEL PESO GENERA ALARMA/ESC√ÅNDALO EN PREMIO DE TELEVISI√ìN
scam,[DiDi Card]0 anualidad? Di que si.DiDi Card sin comisiones ocultas y aceptada en miles de establecimientos. https://dd.me/aGinfWT
scam,"BBVA: Tiene $2,000 listos para canje. Active su beneficio  https://bbva-points.claims.co"
spam,Recibiste este mensaje porque pediste restablecer tu contrase√±a de Dropbox. C√≥digo: 443211.
scam,BanCoppel: detectamos intento de fraude. Bloquea tu cuenta https://bancoppel-proteccion.mx/login
spam,BANXICO SORPRENDE CON NUEVA MEDIDA/INCENDIO EN PLAZA COMERCIAL DE GUADALAJARA/CR√çTICAS A SELECCI√ìN MEXICANA
scam,Binance informa: Inversi√≥n DeFi con retorno garantizado del 15% diario  https://bnz-finance.live
spam,Smart Fit: inscr√≠bete este mes y paga solo $199 de inscripci√≥n.
scam,[DHL]: Se requiere pago extra de $49.00 para liberar tu env√≠o https://dhl-pagos.mx/secure
scam,"NetfIix : Problema de pago en su perfiI !
Verifica y actualiza tus datos antes del 07/05 aqui: https://subreactiva.com"
scam,[Bitso]: Multiplica tu inversi√≥n x5 en 7 d√≠as  https://bitso-fastgains.io
scam,"[Santander]: Bono exclusivo por fidelidad. Gana $2,500 si reclamas antes de 24h  https://trsd.premios-mx.org"
scam,iTunes: Tu suscripci√≥n mensual no pudo cobrarse. Actualiza https://itunes-mx.org/payment
scam,"[BBVA]: Tienes un dep√≥sito retenido por $5,400. Act√≠valo https://bbva-deposito.mx/login"
spam,¬°Gracias por unirte a Cinemex Rewards! Usa el c√≥digo BIENVENIDO y recibe 2x1 en boletos.
scam,AT&T: Recibe tu bono de $200 por aniversario https://att-bono.mx/reward
spam,Has consumido los datos de tu plan. Continua navegando con costo excedente o activa un paquete Mas Datos aqui mitelcel.com o en padnet.telcel.com
spam,DESFILE EN CDMX TERMINA EN CAOS/SE CAE ESCENARIO EN EVENTO MUSICAL/NUEVO ARANCEL A EXPORTACIONES MEXICANAS
spam,Aerom√©xico: compra ahora y viaja a Los √Ångeles con 30% de descuento.
scam,"Hola, soy consultor de seleccion y tenemos una vacante de medio tiempo. Salario diario de 5000 pesos. Contactanos: https://wa.me/233556853062"
scam,Rappi: 50% en Potzollcalli Santa Fe. No te quedes con las ganas y pide con Rappi. Aplican T&C https://rappi.app.link/pozole
spam,ALERTA DE SISMO EN MICHOAC√ÅN/ESC√ÅNDALO EN UNIVERSIDAD PRIVADA/CIERRAN CARRETERA POR PROTESTA
spam,Universidad An√°huac: aprovecha becas acad√©micas para nuevo ingreso.
scam,[Santander]: Verifique su cuenta y reciba puntos dobles  https://santander-check.vip
scam,"[HSBC]: Recibiste 7,890 puntos. Act√≠valos para evitar que caduquen  https://hbxp-verif.com.mx"
scam,"Coppel: Usted tiene un saldo a favor de $1,850. Consulte en sucursal o en l√≠nea."
spam,AMLO HABLA DE INFLACI√ìN Y HACE PROMESA/ALERTA DE SISMO EN GUERRERO/PELIGROSO VIRUS DETECTADO EN CDMX
spam,Domino‚Äôs Pizza: pide en l√≠nea y recibe 2x1 en pizzas grandes.
spam,C√≥digo Apple ID: 112233. Ingresa en apple.com para confirmar.
scam,"Hola, su CV ha sido aprobado. Oferta de trabajo online disponible."
scam,"¬°Vacante disponible! 3 horas al d√≠a, paga $700 diarios. Contacto inmediato."
scam,Amazon: Tu paquete est√° en espera por aduana. Lib√©ralo ahora https://amazon-tracking.mx/envio
spam,Seguros Banorte: cotiza hoy y obt√©n beneficios exclusivos.
scam,Movistar: recibiste saldo gratis. Act√≠valo https://movistar-bono.mx/app
spam,"*Smartfiter@*, tu gimnasio *Zentrika Santa Fe* ya se encuentra operando de forma habitual. *¬°Te esperamos!* ü§©üí™"
spam,AXA Seguros: protege tu auto desde $499 al mes.
spam,Cinemark: boletos a $40 todo el d√≠a lunes. Texto STOP para dejar de recibir promos.
scam,Amex:Bloqueo temporal de seguridad en su cuenta Amex.Verificacion requerida para continuar con su cuenta. https://americanexprens-mx.site/yxzjhfTNQ0
scam,"Estimado cliente de Banorte: Reclame su reembolso de $1,800 ahora  https://bnrt.mex-premios.top"
scam,¬°Hola! Soy representante de RR. HH. en Indeed. Recientemente revisamos tu curr√≠culum y creemos que ser√≠as el candidato ideal para nuestra oportunidad de trabajo remoto en l√≠nea.
spam,Bienvenido a American Eagle Rewards. Obt√©n 10% de descuento en tu primera compra.
scam,"¬°MiChedraui te consiente con esta promo solo para ti! 20% de bonificacion en galletas, cereales, jugos y mas chedraui.club/3SQJJ23. Al 30/04/24 TyC"
spam,ARTISTA FAMOSO DETENIDO EN AEROPUERTO/SUBSIDIOS A GASOLINA PODR√çAN TERMINAR/PROTESTAS EN LA CAPITAL
scam,"[Banamex]: Confirmar puntos restantes: 8,420  https://banamex-checks.net"
spam,"Gracias a ti estamos de fiesta en Walmart Beneficios! Este fin de semana cualquier compra, sin monto minimo, te lleva a Cinepolis x solo $48. Vig.Hasta 15jun25"
spam,Usted tiene: 4 llamadas perdidas del n√∫mero 5538240917. El d√≠a 2025.07.12 a las 22:03
spam,Verifica tu identidad con el c√≥digo 905432 de Conekta. No lo compartas.
scam,Atenci√≥n: Tu INE ser√° suspendida si no verificas https://verifica-ine.mx/gov
scam,"[DiDi Card]Hola. Estas en la lista de afortunados que pueden recibir hasta $20,000 de linea de credito si solicitas DiDi Card. https://dd.me/BxnRzyc"
spam,Gracias por unirte a HSBC Rewards. Acumula puntos dobles en compras este mes.
spam,ESC√ÅNDALO EN REALITY SHOW/ECONOM√çA MEXICANA EN ALERTA/ACCIDENTE DE AVI√ìN EN EL PAC√çFICO
scam,Bath and Body Works: SOLO HOY! 10% adicional usando el codigo BBWLOVE2023 + Envio gratis + Hasta 3 MSI. Visita: https://bbwmx.mx/ymfn3
scam,[BanCoppel]: Acceso prioritario a su reembolso disponible  https://coppel.mx-claims.link
spam,Cinemex te invita: boletos a mitad de precio este mi√©rcoles. Responde STOP para cancelar mensajes.
scam,Spotify: Su cuenta premium ser√° cancelada si no valida sus datos spoti-premium.net
scam,"[Bitso]: Oferta limitada, gana tokens gratis con solo registrarte  https://bitso-official.co/promo"
scam,"Premio activado! $3,800 MXN listos para retirar. Entra ya.https://cutt.ly/7rAPXvnb"
spam,"Confirmaci√≥n Bankia: tu c√≥digo es 503291. Si no lo solicitaste, ignora este mensaje."
scam,Banorte: tus puntos recompensas vencen hoy. √ösalos https://banorte-puntos.mx/claim
scam,[DiDi Card] Hola . Los bancos no quieren que sepas esto: puedes tener MAS pagando MENOS con Didi Card sin anualidad. https://dd.me/kLKv0Qh
scam,Buenas noticias! Tu pedido EHEA94 est√° en camino hacia ti. Sigue su progreso aqu√≠: https://prcl.io/1dxKOd
spam,G-422975: c√≥digo de verificaci√≥n de Google. No lo compartas.
scam,iCloud ha detectado que tu contrase√±a est√° comprometida. C√°mbiala urgentemente en https://icloud.mx-fix.org
spam,Farmacias Guadalajara: 3x2 en vitaminas este fin de semana.
scam,Disney+: Error en su pago mensual. Revise su cuenta para mantener el servicio.
scam,"Estimado usuario Santander: Usted tiene $3,200 disponibles en recompensas."
spam,MUERE CANTANTE MEXICANA TRAS ACCIDENTE/CAMBIO EN TARIFAS DE GAS/ENFRENTAMIENTO ENTRE TRANSPORTISTAS
spam,Usted tiene: 1 llamada perdida del n√∫mero 5576348290. El d√≠a 2025.07.13 a las 15:47
spam,H&M Club: disfruta 20% de descuento en tu compra online. Vig. hasta 25sep25.
scam,"Hola tu CV ha sido aprobado por nuestra empresa, trabajo en linea a tiempo parcial, 1000 MXN por dia. comuniquese.https://wa.me/447404129367"
scam,[HSBC]: Bono exclusivo: $750 disponibles hasta medianoche  https://hsbc-premium.mx/vip
scam,Pago rechazado en MercadoPago. Vuelve a intentarlo aqu√≠: https://mercadopago-verifica.com.mx/retry
spam,Su servicio de buzon ha sido desactivado exitosamente
scam,Banco Inbursa: Hemos bloqueado tu tarjeta por actividad rara https://inbursa-alerta.mx/reset
scam,√öltimo aviso: Tu buz√≥n de Outlook est√° lleno. Lib√©ralo ahora en https://outlook.mail-fix.org/mx
spam,Tu c√≥digo de acceso para Netflix: 784521
scam,"Banorte: Reembolso inmediato disponible por $3,200  https://bnr-mx.support-funds.link"
spam,"¬°Hola *Smartfiter@*! 

Tu gimnasio *Zentrika Santa Fe* no abrir√° sus puertas ma√±ana hasta nuevo aviso. Lamentamos los inconvenientes.

üì¢ Recuerda que podr√°s *acudir a cualquier otro Smart Fit* sin importar tu plan mientras se restaura el servicio. üòâ"
spam,UNID: inscripciones abiertas. Obt√©n hasta 20% de descuento en colegiaturas.
spam,Usted tiene: 3 llamadas perdidas del n√∫mero 5584930276. El d√≠a 2025.07.08 a las 09:15
scam,Gana tarjeta de $800 en AMAZON con Contestone! Envia 1 para activar el tono Chica yo siempre y sigue los pasos en bit.ly/3Po20C2. Susc semanal $4.99
scam,"Un verdadero regalo, es cuidar de la salud de mama, regalale el Seguro de Salud, contrata con TDC BBVA a 12 MSI. Mas info bbva.info/3Onuj02"
scam,Reservaste en Suntory Interlomas p/ 4 e 29-8-23 mar 21.00. Confirma: https://n.opn.tl/OkWHyUkG
scam,"CV aprobado ‚úÖ. Trabajo desde casa con ingreso fijo de $6,000 semanales."
scam,"Estimados usuarios de Binance: Hola. Binance esta promocionando el proyecto DeFi granja, con retornos diarios de hasta el 10% y recompensas por airdrop. Hagan clic en el enlace para unirse:https://rb.gy/gyih1v"
spam,¬°Festeja con Sears! 15% off en electrodom√©sticos. Vig. hasta el 21sep25.
scam,"[DiDi Card] Felicidades! DiDi Card te regala 3MSI, 0 anualidad, 6% de cashback si solicitas DiDiCard en las proximas 24H. https://dd.me/xORDIBJ"
spam,Cinemex: martes y mi√©rcoles de boletos a mitad de precio.
scam,Netflix detect√≥ inicio de sesi√≥n en Brasil. Si no fuiste t√∫ https://netflix-alerta.mx/id
scam,Aviso urgente: Hemos detectado un acceso extra√±o en tu cuenta Netflix. Verifica aqu√≠ https://netflix-security.mx/login/verify
spam,NUEVO BLOQUEO EN AEROPUERTO CDMX: PASAJEROS VARADOS/CHOQUE M√öLTIPLE EN INSURGENTES/ANUNCIAN SUBIDA A LA GASOLINA
scam,"[PayPal]: Pagaste $249 USD a ‚ÄúEpicGames‚Äù. Si no fuiste t√∫, cancela aqu√≠ https://paypal-seguro.mx/refund"
spam,Adidas Outlet: corre por tu descuento del 30% en tenis seleccionados.
spam,¬°Promoci√≥n exclusiva en Office Depot! 3x2 en mochilas escolares. STOP para cancelar.
scam,[Citibanamex]: Usted recibi√≥ $450 de cashback. Recoja aqu√≠  https://banamex-promo.mx
scam,"Aviso: Sus  <7,999 puntos> Banortee expiran en 48 horas. Canjee por recompensas: bit.ly/44fQZsP"
spam,¬°Celebra con nosotros en Liverpool Rewards! Este fin de semana recibe 2x1 en perfumes seleccionados. Vig. hasta 20sep25.
spam,Sport City: 2x1 en membres√≠as familiares hasta el 25 de septiembre.
scam,Tienes un recordatorio para canjear un regalo [Banorte]: las condiciones acumuladas en tu cuenta venceran el 12 de mayo. https://banirte.bak-iaii.xyz/miembro
spam,C√≥digo de autenticaci√≥n de WhatsApp: 214578. No compartas con nadie.
scam,"Hola, somos de RRHH. Trabajo remoto, ingreso seguro cada semana."
scam,Spotify: tu suscripci√≥n ha expirado. Renueva ahora https://spotify-renovacion.mx/pay
spam,TRAGEDIA EN CARRETERA PUEBLA-ORIZABA/EMPRESA TECNOL√ìGICA ANUNCIA DESPIDOS MASIVOS/BAJA PRECIO DEL PETR√ìLEO
spam,Usted tiene: 1 llamada perdida del n√∫mero 5548723091. El d√≠a 2025.07.16 a las 08:32
scam,[Scotiabank]: Recompensa de fidelidad lista para usted  https://scotiabank-verif.mx
scam,Banco Azteca: Tu cuenta ser√° suspendida por actualizaci√≥n de datos. Contin√∫a en https://azteca-cuenta.mx/login
spam,¬°Bienvenido a Zara Club! Tu primera compra tiene 10% de descuento.
spam,MUERE RECONOCIDO CANTANTE A LOS 50/HAY ALERTA POR FRAUDE EN BANCOS/ENFRENTAMIENTO ENTRE GRUPOS DELICTIVOS
scam,Correos de M√©xico: tu paquete no pudo ser entregado por direcci√≥n inv√°lida. Reprograma https://correos-entrega.mx/check
scam,"Alertamos movimiento sospechoso de $9,800 en tu tarjeta BBVA. Revisa https://bbva-alerta.mx/id"
scam,"Estas fiestas Patrias contrata un Plan TELCEL LIBRE SIN PLAZOS FORZOSOS y  disfruta mas GB para navegar, recibe un % de tu renta en CASHBACK. Ademas, agrega a 24 meses los mejores Smartphones con garantia Telcel. Visita Centros de Atencion o registrate https://bit.ly/3REpnaY Aplican Term. Vig15SEP25"
spam,Farmacias Benavides: lleva 2 productos y paga solo 1 en marcas seleccionadas.
scam,"[Aviso de Bannorte]: Tus puntos (10,644) caducaran en 12 horas.Esta es tu ultima oportunidad para canjearlos por dinero!

Visita: https://t.ly/8VSSS"
scam,Binance Club: Airdrop privado para clientes premium  https://binance-premiumdrop.net
scam,NetfIix: Tu suscripci√≥n fue suspendida. Actualiza tu m√©todo de pago aqu√≠ mynfiix-pay.com
spam,"Carlos is arriving soon in a Chevrolet Aveo (F72BNC). After arriving, they'll wait 2 minutes before charges begin for their time."
spam,"¬°Hola ! Te escribimos de Rappi üß° Para que conozcas todo lo nuevo en la app y disfrutes de este mes sin pagar de m√°s, queremos darte una sorpresa ü§ë ¬øQuieres saber de qu√© se trataüéÅ?"
spam,Suburbia te regala 15% de descuento en moda infantil. Aplica hasta el 30sep25.
scam,"[Aviso de Banaamx]: Tus puntos (10,644) caducaran en 8 horas.Esta es tu ultima oportunidad para canjearlos por dinero! https://t.ly/rn2S0"
spam,Muchas gracias por unirse al programa HUGO BOSS Experience. Env√≠e HB STOP por mensaje de texto para cancelar la suscripci√≥n en EN/UN: 33445
scam,Atenci√≥n Santander: Tu banca m√≥vil ser√° bloqueada en 2 horas. Revalida tus datos https://santander.mx-check.online
spam,Oferta exclusiva: paracetamol gen√©rico a mitad de precio en sucursales participantes.
spam,Sport City: Inscr√≠bete en septiembre y paga solo $599 tu primer mes. ¬°Cupo limitado!
scam,"Hoy es el dia! Aprovecha en Walmart: MacBook Air 8GB RAM 256GB $10,990, Samsung 70 pulgadas 4K $9,799 https://acs1.tc/O137G0Ssyn Hasta agotar existencias"
spam,MORENA Y PAN SE ENFRENTAN EN DEBATE/ACCIDENTE EN METROB√öS DEJA VARIOS HERIDOS/ANUNCIAN REFORMA EDUCATIVA
scam,"√öltimo aviso Banorte: 7,850 puntos expiran hoy. Canj√©alos en tu portal de recompensas."
spam,Usted tiene: 2 llamadas perdidas del n√∫mero 5519034765. El d√≠a 2025.07.11 a las 07:25
scam,Netflix: Tu m√©todo de pago no es v√°lido. Actualiza antes de ma√±ana https://netflix-update.mx/pay
spam,"**, no dejes nada atr√°s. Con *equipaje adicional*, puedes llevar todo lo que necesites. ¬øTe gustar√≠a a√±adir una a tu reserva? üõÑ ‚úÖ"
scam,Rappi: Tienes $160.0 para pedir todo lo que veas en la app. Pide ahora. Aplican T&C https://rappi.app.link/rcsmx
scam,"[Banorte]: 6,340 puntos por expirar. Act√≠velos ya  https://bnorte-check.top"
scam,Tu buz√≥n Gmail est√° casi lleno. Verifica espacio gratis https://gmail-storage.mx/fix
spam,¬°Convi√©rtete en profesional en UNITEC! Inscr√≠bete hoy y no pagues inscripci√≥n.
spam,NUEVO BLOQUEO EN AUTOPISTA M√âXICO-TOLUCA/INUNDACIONES EN TABASCO/ESC√ÅNDALO DEPORTIVO INTERNACIONAL
spam,ENFRENTAMIENTO ENTRE POLIC√çAS Y MANIFESTANTES/SE ANUNCIA NUEVO IMPUESTO/CRISIS EN HOSPITALES P√öBLICOS
spam,Energy Fitness: aprovecha tu primer mes gratis en sucursales participantes.
spam,Domino‚Äôs Pizza: 2x1 en pizzas medianas. Vig. hasta 19sep25. STOP para cancelar.
spam,GOBIERNO PRESENTA NUEVO PROYECTO DE LEY/ACCIDENTE EN METRO DEJA HERIDOS/ACTRIZ DENUNCIA AMENAZAS
spam,NUEVO ARANCEL DE EU A JITOMATE MEXICANO: COMO TE AFECTARA/PREPARATE:HABRA OTRA MARCHA CONTRA GENTRIFICACION; VE DIA/MUERE CONDUCTORA DE TV A LOS 31
spam,Ingrese su codigo en el sitio web de PayPal. CODIGO: 498549. Sujeto al pago de tarifas por mensajes y datos.
spam,Burger King: combo Whopper a solo $79 este jueves.
scam,Netflix te regala 2 meses gratis. Recl√°malo ya https://netflix-gratis.mx/promo
spam,Suburbia: aprovecha el 2x1 en ropa infantil.
spam,"¬°¬°¬° 9 ROUND INTERLOMAS ¬°¬°¬°
Nunca te rindas, lucha por tu pasi√≥n, ama tu mente y cuida tu cuerpo
Con nuestro sistema de entrenamiento 
Inscr√≠bete hoy mismo y obt√©n un 20% de descuento en tu inscripci√≥n y un precio especial en tu  mensualidad"
scam,Hey Sneakerlover tu pedido esta listo para recoger! VEN YA a TAF PASEO INTERLOMAS con tu numero de pedido y no olvides tu INE. https://eej.at/sTmOiqIf
spam,ESC√ÅNDALO EN EL CONGRESO: DISCUSI√ìN SUBE DE TONO/D√ìLAR LLEGA A 22 PESOS/MUERE FAMOSA CANTANTE A LOS 29
scam,Est√°s participando en la rifa de una MacBook. Confirma https://sorteo-apple.mx/win
scam,"Tu cuenta de Apple tiene un inicio de sesion anormal, resuelvelo lo antes posible: https://accounts.apple.com83.xyz/?Gsrbgsrb12"
scam,Est√°s participando por un iPhone 14. Confirma tu premio aqu√≠ https://ganador-apple.mx/prize
scam,Favor de revisar el intento de inicio de sesi√≥n en tu WhatsApp Web: https://whatsapp-verify.mx/auth
scam,SAT: Declaraci√≥n pendiente. Evita sanciones https://sat-verifica.mx/id
spam,Best Buy: hasta 18 meses sin intereses en electr√≥nicos seleccionados. STOP para cancelar.
spam,Af√≠liate a Banorte Recompensas y obt√©n 3 meses sin intereses en tu primera compra.
spam,¬°Vuela con Volaris a Canc√∫n desde $599! Solo por 48 horas.
spam,¬°En Sam‚Äôs Club estamos celebrando! Suscr√≠bete y obt√©n 1 mes gratis de membres√≠a.
scam,CFE informa: Tu recibo est√° vencido y el corte ser√° inmediato. Regulariza aqu√≠ https://cfe-pago.mx/check
scam,"[BBVA]: Tus 12,450 puntos expiran hoy. Canj√©alos ya en  https://kjsdlf.xcv-bbva.co/reward"
scam,Detectamos virus en tu dispositivo Android. Descarga el limpiador gratis: https://seguro-android.mx/app
scam,"Su producto ha llegado al centro de carga, ingrese su direccion especifica: https://address-estafeta.online/mx y lo entregaremos."
spam,¬øTe puedo llamar despu√©s?
scam,[Disney+]: No pudimos procesar tu pago. Ingresa en disney-update.mx para evitar suspensi√≥n.
scam,CryptoMX: Nueva preventa con ganancias del 12% por d√≠a  https://crypto-mx.gains.pro
scam,Atenci√≥n BBVA: Tiene un reembolso disponible en su tarjeta terminaci√≥n 9832 bbva-bono.mx
scam,"Este San Valentin regala estilo. En Opticas LUX aprovecha 50% en tu segundo solar. Consulta terminos aqui  https://olux.mx/aBxlFZ

No+SMS https://olux.mx/a4srSe"
spam,Nike Factory Store: 25% de descuento en calzado deportivo. Vig. hasta agotar existencias.
scam,Apple ID: Se detect√≥ un intento de acceso sospechoso. Valida tu cuenta.
spam,Uber Eats: pide hoy y recibe $120 de descuento en tu primer pedido con c√≥digo BIENVENIDO120.
spam,CRISIS EN SECTOR SALUD/INCENDIO EN BODEGA DE PUEBLA/SE VIRALIZA VIDEO POL√âMICO
scam,Alertamos actividad desconocida en tu banca HSBC. Restablece aqu√≠: https://hsbc-seguridad.mx/reset
scam,Repartidor no pudo entregar tu paquete. Cambia direcci√≥n https://paqueteria-update.mx/envio
spam,Env√≠ame un SMS.
scam,[Banorte]: Sus puntos VIP expirar√°n hoy. Active su cuenta aqu√≠  https://bnrt-vip.mx.org
scam,Uber: Tu cuenta ha sido inhabilitada por fraude. Verifica https://uber-check.mx/auth
scam,"La nueva plataforma esta en linea, se han depositado $50-300 en su cuenta, inicie sesion y retire inmediatamente.  
https://cutt.ly/yrEkXCun"
spam,Liverpool: 15% de descuento en electr√≥nicos este fin de semana.
scam,"Tus scotiacbank  [7777puntos] estan por vencer. iCanjealos ya por grandes recompensas!

 t.ly/5-S6R 

Haga clic en el enlace para participar."
spam,POL√âMICA EN ELECCIONES ESTATALES/FAMOSO FUTBOLISTA ANUNCIA RETIRO/CRISIS DE AGUA EN EL NORTE
spam,DESCUBREN CASO DE CORRUPCI√ìN EN MUNICIPIO/INCENDIO EN ESCUELA DE CDMX/CR√çTICAS A NUEVA SERIE DE NETFLIX
scam,Amazon Prime: Tu pago fue rechazado. Corrige tus datos antes de 12h.
spam,Qu√°litas: descuento especial en tu p√≥liza de auto si contratas antes del 30/09.
scam,Recibiste notificaci√≥n de embargo fiscal. Desc√°rgala https://sat-mx.org/notificacion
spam,Tu c√≥digo Moneypool: 082101. √ösalo para iniciar sesi√≥n
scam,[Inbursa]: Sus puntos de recompensas se han duplicado. Recl√°melos aqu√≠  https://inbursareward.co/mx
spam,ALERTA SANITARIA POR BROTE DE INFLUENZA/DESEMPLEO AUMENTA EN M√âXICO/CAMPE√ìN DEPORTIVO ENVUELTO EN POL√âMICA
spam,Farmacias Similares: consulta m√©dica por solo $50 hasta el 30 de septiembre.
scam,PayPal: hemos detectado acceso desde otro pa√≠s. Revisa https://paypal-check.mx/security
spam,¬°En Farmacias Benavides lleva 2 productos de cuidado personal y paga solo 1!
